stage_class,count,mean,median,std
Flat,1104,11.794384057971014,0.0,33.219268310860485
Hills,1472,12.52038043478261,0.0,36.130357201111586
Mount,920,12.878260869565217,0.0,39.906587951540644
